38,1,404,0,GET /phpmyadmin-old/index.php HTTP/1.1
47,1,404,0,HEAD http://180.179.213.41:80/PMA2014/ HTTP/1.1
19,1,200,0,GET /barc/ HTTP/1.1
50,1,404,1,HEAD http://180.179.213.41:80/sqlmanager/ HTTP/1.1
24,1,404,0,GET /html/barc/ HTTP/1.1
36,1,404,1,GET /SQLiteManager/main.php HTTP/1.1
52,1,404,0,GET //phpMyAdmin-2.10.0.0/scripts/setup.php HTTP/1.1
38,1,404,0,GET /wordpress/wp-config.php~ HTTP/1.1
39,1,404,0,GET /dbadmin/scripts/setup.php HTTP/1.1
99,1,200,0,GET /barc/vizi/core/css/fonts/roboto/v18/ty9dfvLAziwdqQ2dHoyjphTbgVql8nDJpwnrE27mub0.woff2 HTTP/1.1
42,1,404,0,GET /phpmyadmin/scripts/Setup.php HTTP/1.1
42,1,404,0,GET /vizi/core/icons/formcept.ico HTTP/1.1
43,1,404,0,GET /phpMyAdmin1/scripts/setup.php HTTP/1.1
34,1,404,0,GET /wp/wp-config.php.bak HTTP/1.1
49,1,404,0,GET /phpMyAdmin-2.10.0/scripts/setup.php HTTP/1.1
43,1,200,0,GET /barc/tv.20180213/css/home.css HTTP/1.1
54,1,200,0,GET /barc/tv.old/images/mecbot_logo_small.png HTTP/1.1
45,1,404,0,GET /admin/scripts/scripts/setup.php HTTP/1.1
54,1,404,0,HEAD http://180.179.213.41:80/phpmyadmin2014/ HTTP/1.1
35,1,404,0,GET //my/scripts/setup.php HTTP/1.1
57,1,404,0,HEAD http://180.179.213.41:80/administrator/PMA/ HTTP/1.1
48,1,404,0,HEAD http://180.179.213.41:80/db/dbweb/ HTTP/1.1
99,1,200,0,GET /barc/vizi/core/css/fonts/roboto/v18/frNV30OaYdlFRtH2VnZZdhTbgVql8nDJpwnrE27mub0.woff2 HTTP/1.1
35,1,404,1,GET /admin/mysql/index.php HTTP/1.1
23,1,404,0,GET /.DS_Store HTTP/1.1
36,1,404,0,GET //pma/scripts/setup.php HTTP/1.1
40,1,404,0,GET /tools/phpMyAdmin/index.php HTTP/1.1
99,1,200,0,GET /barc/vizi/core/css/fonts/roboto/v18/e7MeVAyvogMqFwwl61PKhBTbgVql8nDJpwnrE27mub0.woff2 HTTP/1.1
23,1,404,0,GET /tftproot/ HTTP/1.1
29,1,200,0,GET /#wp-config.php# HTTP/1.1
51,1,404,1,HEAD http://180.179.213.41:80/sql/myadmin/ HTTP/1.1
40,1,200,0,GET /barc/tv.old/css/mecbot.css HTTP/1.1
24,1,404,0,GET /.ftpconfig HTTP/1.1
43,1,404,0,GET /phpmyadmin_/scripts/setup.php HTTP/1.1
36,1,404,0,GET /Wordpress/wp-login.php HTTP/1.1
30,1,404,0,GET /barc/tv.20180212 HTTP/1.1
49,1,404,1,HEAD http://180.179.213.41:80/db/websql/ HTTP/1.1
38,1,200,0,GET /barc/tv/js/dendo_home.js HTTP/1.1
25,1,404,0,GET /favicon.ico HTTP/1.1
37,1,404,0,GET /administrator/index.php HTTP/1.1
39,1,404,0,GET /wordpress/#wp-config.php# HTTP/1.1
47,1,404,0,HEAD http://180.179.213.41:80/PMA2011/ HTTP/1.1
48,1,404,0,GET /admin/phpMyAdmin/scripts/setup.php HTTP/1.1
47,1,404,0,GET /blog/phpmyadmin/scripts/setup.php HTTP/1.1
43,1,404,0,GET /phpmyadmin/scripts/setup1.php HTTP/1.1
22,1,200,0,GET /50x.html HTTP/1.1
51,1,404,0,HEAD http://180.179.213.41:80/phpmy-admin/ HTTP/1.1
31,1,404,0,GET /myadmin/index.php HTTP/1.1
43,1,404,0,GET //PHPMYADMIN/scripts/setup.php HTTP/1.1
46,1,404,0,GET /web/phpmyadmin/scripts/setup.php HTTP/1.1
44,1,404,0,GET /cpphpmyadmin/scripts/setup.php HTTP/1.1
19,1,404,0,GET /admin HTTP/1.1
25,1,404,0,GET /.git/config HTTP/1.1
47,1,404,0,HEAD http://180.179.213.41:80/pma2013/ HTTP/1.1
32,1,404,0,GET /.wp-config.php.swp HTTP/1.1
54,1,404,0,HEAD http://180.179.213.41:80/admin/sysadmin/ HTTP/1.1
36,1,200,0,GET /barc/tv/images/bar.png HTTP/1.1
99,1,200,0,GET /barc/vizi/core/css/fonts/roboto/v18/I3S1wsgSg9YCurV6PUkTORJtnKITppOI_IvcXXDNrsc.woff2 HTTP/1.1
99,1,200,0,GET /barc/vizi/core/css/fonts/roboto/v18/PwZc-YbIL414wB9rB1IAPRJtnKITppOI_IvcXXDNrsc.woff2 HTTP/1.1
49,1,404,0,HEAD http://180.179.213.41:80/admin/web/ HTTP/1.1
40,1,404,0,GET /webadmin/scripts/setup.php HTTP/1.1
43,1,404,0,GET /_pHpMyAdMiN/scripts/setup.php HTTP/1.1
29,1,404,0,GET /pmamy/index.php HTTP/1.1
54,1,404,0,HEAD http://180.179.213.41:80/phpmyadmin2017/ HTTP/1.1
42,1,404,0,GET /phpMyAdmin/scripts/setup.php HTTP/1.1
30,1,404,0,GET /cgi-bin/test-cgi HTTP/1.1
33,1,400,0,USER test +iw test :Test Wuz Here
50,1,404,0,GET /phpMyAdmin-2.11.11/scripts/setup.php HTTP/1.1
27,1,404,0,GET //wp-login.php HTTP/1.1
25,1,404,0,HEAD /.git/index HTTP/1.1
47,1,400,0,CONNECT lapis5olkq8hdgv260.gumi.sg:443 HTTP/1.0
99,1,200,0,GET /barc/vizi/core/css/fonts/roboto/v18/VvXUGKZXbHtX_S_VCTLpGhTbgVql8nDJpwnrE27mub0.woff2 HTTP/1.1
43,1,404,0,GET /phpMyAdmin2/scripts/setup.php HTTP/1.1
47,1,404,0,HEAD http://180.179.213.41:80/pma2017/ HTTP/1.1
51,1,404,0,HEAD http://180.179.213.41:80/2phpmyadmin/ HTTP/1.1
29,1,404,0,GET /.ssh/id_ed25519 HTTP/1.1
47,1,404,0,HEAD http://180.179.213.41:80/pma2012/ HTTP/1.1
38,1,404,0,HEAD /administrator/index.php HTTP/1.1
34,1,404,0,GET /phpMyAdmin/index.php HTTP/1.1
99,1,200,0,GET /barc/vizi/core/css/fonts/roboto/v18/aZMswpodYeVhtRvuABJWvBTbgVql8nDJpwnrE27mub0.woff2 HTTP/1.1
25,1,404,0,GET /cgi-bin/php HTTP/1.1
172,1,400,0,\x08\x99\x03ag\xB1\xA8J*\xCAN\xC6\xF7f\xFC\x9EuU]\x80\xD2\x9A\xB9C\x9A\xF2Tip3\x89$2\x07\xC2\x10\x85\x97\xDD[>\x92\xCD'\x5C\xE3ZOn\xB6\x1DDg\xB5\xFBk{\x92\xE5jg\x87\xF0\xE0
99,1,200,0,GET /barc/vizi/core/css/fonts/roboto/v18/0eC6fl06luXEYWpBSJvXCBJtnKITppOI_IvcXXDNrsc.woff2 HTTP/1.1
25,1,301,0,GET /barc/tv.old HTTP/1.1
49,1,404,0,GET http://180.179.213.41:80/phpmyadmin/ HTTP/1.1
26,1,404,0,GET /index.action HTTP/1.1
41,1,404,0,GET /cpadmindb/scripts/setup.php HTTP/1.1
99,1,200,0,GET /barc/vizi/core/css/fonts/roboto/v18/oHi30kwQWvpCWqAhzHcCSBJtnKITppOI_IvcXXDNrsc.woff2 HTTP/1.1
17,1,400,0,V\xBBHg\x07\x9DM5
10,1,400,0,myversion|
44,1,404,0,GET //phpmy-admin/scripts/setup.php HTTP/1.1
10,1,400,0,SSH-2.0-Go
50,1,404,0,GET /phpMyAdmin/scripts/db_setup.init.php HTTP/1.1
35,1,404,0,GET /current_config/passwd HTTP/1.1
99,1,200,0,GET /barc/vizi/core/css/fonts/roboto/v18/-2n2p-_Y08sg57CNWQfKNvesZW2xOQ-xsNqO47m55DA.woff2 HTTP/1.1
32,1,404,0,GET /currentsetting.htm HTTP/1.1
54,1,404,0,HEAD http://180.179.213.41:80/phpmyadmin2011/ HTTP/1.1
37,1,404,0,POST /zabbix/api_jsonrpc.php HTTP/1.1
47,1,200,0,GET /barc/tv/chart/dom-to-image.min.js HTTP/1.1
43,1,200,0,GET /barc/tv/images/enrichment.png HTTP/1.1
40,1,404,0,GET //dbadmin/scripts/setup.php HTTP/1.1
26,1,404,0,GET /db/index.php HTTP/1.1
50,1,200,0,GET /barc/vizi/tp/snap/js/snap.svg-min.js HTTP/1.1
26,1,404,0,GET /cgi-bin/php5 HTTP/1.1
41,1,404,0,GET /wordpress/wp-config.php.bak HTTP/1.1
53,1,404,1,HEAD http://180.179.213.41:80/sql/sql-admin/ HTTP/1.1
99,1,200,0,GET /barc/vizi/core/css/fonts/roboto/v18/mErvLBYg_cXG3rLvUsKT_fesZW2xOQ-xsNqO47m55DA.woff2 HTTP/1.1
43,1,404,1,GET /mysql-admin/scripts/setup.php HTTP/1.1
47,1,404,0,HEAD http://180.179.213.41:80/PMA2015/ HTTP/1.1
47,1,404,0,HEAD http://180.179.213.41:80/PMA2012/ HTTP/1.1
40,1,404,0,GET /index.php?page=/etc/passwd HTTP/1.1
360,5,400,0,Gh0st\xAD\x00\x00\x00\xE0\x00\x00\x00x\x9CKS``\x98\xC3\xC0\xC0\xC0\x06\xC4\x8C@\xBCQ\x96\x81\x81\x09H\x07\xA7\x16\x95e&\xA7*\x04$&g+\x182\x94\xF6\xB000\xAC\xA8rc\x00\x01\x11\xA0\x82\x1F\x5C`&\x83\xC7K7\x86\x19\xE5n\x0C9\x95n\x0C;\x84\x0F3\xAC\xE8sch\xA8^\xCF4'J\x97\xA9\x82\xE30\xC3\x91h]&\x90\xF8\xCE\x97S\xCBA4L?2=\xE1\xC4\x92\x86\x0B@\xF5`\x0CT\x1F\xAE\xAF]
38,1,404,0,GET /web/phpMyAdmin/index.php HTTP/1.1
35,1,200,0,GET /barc/tv.old/js/app.js HTTP/1.1
43,1,404,0,GET /phpmyadmin/scripts/setup0.php HTTP/1.1
30,1,404,0,GET /cgi-bin/test.cgi HTTP/1.1
48,1,404,0,HEAD http://180.179.213.41:80/admin/db/ HTTP/1.1
99,1,200,0,GET /barc/vizi/core/css/fonts/roboto/v18/mx9Uck6uB63VIKFYnEMXrRJtnKITppOI_IvcXXDNrsc.woff2 HTTP/1.1
46,1,404,0,HEAD http://180.179.213.41:80/shopdb/ HTTP/1.1
22,1,404,0,GET /503.html HTTP/1.1
32,1,404,0,HEAD /scripts/setup.php HTTP/1.1
50,1,200,0,GET /barc/vizi/tp/moment/js/moment.min.js HTTP/1.1
99,1,200,0,GET /barc/vizi/core/css/fonts/roboto/v18/rGvHdJnr2l75qb0YND9NyBJtnKITppOI_IvcXXDNrsc.woff2 HTTP/1.1
38,1,200,0,GET /barc/tv.old/css/home.css HTTP/1.1
45,1,404,1,HEAD http://180.179.213.41:80/mysql/ HTTP/1.1
51,1,404,0,GET /phpMyAdmin-2.10.0.0/scripts/setup.php HTTP/1.1
19,1,404,0,GET /tftp/ HTTP/1.1
27,1,404,0,GET /html/barc/tv/ HTTP/1.1
22,1,200,0,GET /barc/tv/ HTTP/1.1
31,1,404,0,GET /pma-old/index.php HTTP/1.1
34,1,200,0,GET /barc/tv/cluster.html HTTP/1.1
42,1,404,0,GET /PhpMyAdmin/scripts/setup.php HTTP/1.1
91,1,400,0,\x80\x00\x00\x00\x07X\xB0\xC8|\x13X\x9Fxq\xB8\xE5\xD3\x10\x7Fa\xE3\x8Fp'.i\xA2txN4t\x94\xA3
38,1,404,1,GET //mysql/scripts/setup.php HTTP/1.1
31,1,404,0,GET /Blog/wp-login.php HTTP/1.1
57,1,404,0,GET /apache-default/phpmyadmin/scripts/setup.php HTTP/1.1
43,1,404,0,GET /phpMyAdmin/_scripts/setup.php HTTP/1.1
55,1,404,0,HEAD http://180.179.213.41:80/db/phpMyAdmin-3/ HTTP/1.1
37,1,404,0,GET /p/m/a/scripts/setup.php HTTP/1.1
180,1,400,0,\x16\x03\x01\x01\x22\x01\x00\x01\x1E\x03\x03\xD8jW\xF2?\x8C\xD8\xED\xCD\xCD\xC7\xED\x18\xFDu\x05k\xF4GI\xC7Nk\xB9\xDA\xB8\xFC\xDB\xBEXE]\x00\x00\x88\xC00\xC0,\xC0(\xC0$\xC0\x14\xC0
99,1,200,0,GET /barc/vizi/core/css/fonts/roboto/v18/Pru33qjShpZSmG3z6VYwnRJtnKITppOI_IvcXXDNrsc.woff2 HTTP/1.1
99,1,200,0,GET /barc/vizi/core/css/fonts/roboto/v18/Fcx7Wwv8OzT71A3E1XOAjvesZW2xOQ-xsNqO47m55DA.woff2 HTTP/1.1
18,1,404,0,GET /barc HTTP/1.1
59,1,200,0,GET /barc/tv/images/chart_images/downloadImage.png HTTP/1.1
21,1,404,0,GET /phones/ HTTP/1.1
43,1,200,0,GET /barc/tv.old/chart/chart_a.css HTTP/1.1
39,1,404,1,GET //sqladm/scripts/setup.php HTTP/1.1
37,1,404,0,GET /webdb/scripts/setup.php HTTP/1.1
27,1,404,0,POST /login.action HTTP/1.1
60,2,400,0,\x03\x00\x00+&\xE0\x00\x00\x00\x00\x00Cookie: mstshash=hello
54,1,404,0,HEAD http://180.179.213.41:80/db/phpMyAdmin3/ HTTP/1.1
47,1,404,0,HEAD http://180.179.213.41:80/PMA2013/ HTTP/1.1
38,1,404,0,GET /phpMyadmin_bak/index.php HTTP/1.1
54,1,404,1,HEAD http://180.179.213.41:80/sql/phpMyAdmin/ HTTP/1.1
48,1,200,0,GET /barc/tv.20180213/css/dashboard.css HTTP/1.1
40,1,404,0,HEAD /myadmin/scripts/setup.php HTTP/1.0
49,1,404,1,HEAD http://180.179.213.41:80/sql/webdb/ HTTP/1.1
32,1,404,0,HEAD /scripts/setup.php HTTP/1.0
56,1,404,1,HEAD http://180.179.213.41:80/mysql/sqlmanager/ HTTP/1.1
51,1,404,0,HEAD http://180.179.213.41:80/db/webadmin/ HTTP/1.1
48,1,404,0,GET /database/scripts/scripts/setup.php HTTP/1.1
33,1,404,0,GET /admin/pma/index.php HTTP/1.1
40,1,404,0,GET //MyAdmin/scripts/setup.php HTTP/1.1
23,1,301,0,GET /barc/vizi HTTP/1.1
22,1,404,0,GET /cgi-bin/ HTTP/1.1
99,1,200,0,GET /barc/vizi/core/css/fonts/roboto/v18/RxZJdnzeo3R5zSexge8UUVtXRa8TVwTICgirnJhmVJw.woff2 HTTP/1.1
15,1,400,0,GET /x HTTP/1.1
43,1,404,0,GET /phpMyAdmin_/scripts/setup.php HTTP/1.1
41,1,200,0,GET /barc/vizi/core/css/vizi.css HTTP/1.1
33,1,200,0,GET /barc/tv/js/bHome.js HTTP/1.1
50,1,404,0,HEAD http://180.179.213.41:80/phpmanager/ HTTP/1.1
99,1,200,0,GET /barc/vizi/core/css/fonts/roboto/v18/NYDWBdD4gIq26G5XYbHsFBJtnKITppOI_IvcXXDNrsc.woff2 HTTP/1.1
31,1,400,0,CONNECT 180.179.213.41 HTTP/1.1
42,1,404,1,GET /mysqladmin/scripts/setup.php HTTP/1.1
47,1,404,0,HEAD http://180.179.213.41:80/MyAdmin/ HTTP/1.1
21,1,404,0,GET /backup/ HTTP/1.1
119,2,400,0,\x16\x03\x01\x00H\x01\x00\x00D\x03\x01Z\x94\x9D\x9C\x95[1>o\x98\x10\x00\xA0\xDBy\xC4\xDE\xCF7\xAF&\xBC\x0Fw\xC9\xAC\xE9
64,1,404,0,HEAD http://180.179.213.41:80/administrator/phpmyadmin/ HTTP/1.1
25,1,404,0,GET /sitemap.xml HTTP/1.1
43,1,404,0,GET /phpMyAdmin/scripts/setup1.php HTTP/1.1
39,1,404,0,GET /myAdmin/scripts/setup.php HTTP/1.1
27,1,404,0,GET /pma/index.php HTTP/1.1
34,1,404,0,GET /wp-admin/install.php HTTP/1.1
19,1,405,0,PROPFIND / HTTP/1.1
24,1,404,0,GET /winbox.png HTTP/1.1
31,1,404,0,GET /scripts/setup.php HTTP/1.0
31,1,404,0,GET /scripts/setup.php HTTP/1.1
43,1,404,0,GET /phpmyadmin2/scripts/setup.php HTTP/1.1
341,2,400,0,Gh0st\xAD\x00\x00\x00\xE0\x00\x00\x00x\x9CKS``\x98\xC3\xC0\xC0\xC7K\x80B\xF6\xD4V\x9E\xB3A\xA3 \x96|&x0\xC8\xDC\x19%\xDA\x5C\x8B\x1B\xA6H\x15\xA29\xE8M~\xBF9\x98\xB5\xCD\xC2O\x9D\xF2@\x80\xAF\xC2$\x95e\x970\x10\x89~\xB8\xD5\xCA5\xCE\xB1\xEE\xDAI\xC7\x02*\xCF\xCF\xEE\xB1\x17XP\x9E\xE7x\xDC`\xD1\xE7\xA5\x22?\xC3\xE3o\x89\x946=\xE4\x1F(=\x1Db
99,1,200,0,GET /barc/vizi/core/css/fonts/roboto/v18/mbmhprMH69Zi6eEPBYVFhRJtnKITppOI_IvcXXDNrsc.woff2 HTTP/1.1
51,1,404,0,HEAD http://180.179.213.41:80/phpmyadmin2/ HTTP/1.1
54,1,404,1,HEAD http://180.179.213.41:80/admin/sqladmin/ HTTP/1.1
38,1,404,0,GET /www/phpMyAdmin/index.php HTTP/1.1
51,1,404,1,HEAD http://180.179.213.41:80/mysql-admin/ HTTP/1.1
47,1,404,0,HEAD http://180.179.213.41:80/pma2014/ HTTP/1.1
38,1,200,0,GET /barc/tv/images/chart.png HTTP/1.1
54,1,200,0,GET /barc/vizi/core/css/fonts/vizi.ttf?cd28wr HTTP/1.1
42,1,404,0,GET /phpmyadmin/scripts/setup.php HTTP/1.1
42,1,404,0,GET /phpmyadmin/scripts/setup.php HTTP/1.0
55,1,404,1,HEAD http://180.179.213.41:80/sql/phpMyAdmin2/ HTTP/1.1
49,1,404,1,HEAD http://180.179.213.41:80/mysql/web/ HTTP/1.1
44,1,404,0,GET /claroline/phpMyAdmin/index.php HTTP/1.1
43,1,404,0,GET /_PHPMYADMIN/scripts/setup.php HTTP/1.1
36,1,200,0,GET /barc/tv/css/mecbot.css HTTP/1.1
36,1,404,0,GET /blog/wp-config.php.bak HTTP/1.1
40,1,404,0,GET //myadmin/scripts/setup.php HTTP/1.1
99,1,200,0,GET /barc/vizi/core/css/fonts/roboto/v18/97uahxiqZRoncBaCEI3aWxJtnKITppOI_IvcXXDNrsc.woff2 HTTP/1.1
40,1,404,0,GET /admin/phpMyAdmin/index.php HTTP/1.1
29,1,404,0,GET /admin/index.php HTTP/1.1
52,1,404,1,HEAD http://180.179.213.41:80/sql/webadmin/ HTTP/1.1
708,1,404,0,POST //%63%67%69%2D%62%69%6E/%70%68%70?%2D%64+%61%6C%6C%6F%77%5F%75%72%6C%5F%69%6E%63%6C%75%64%65%3D%6F%6E+%2D%64+%73%61%66%65%5F%6D%6F%64%65%3D%6F%66%66+%2D%64+%73%75%68%6F%73%69%6E%2E%73%69%6D%75%6C%61%74%69%6F%6E%3D%6F%6E+%2D%64+%64%69%73%61%62%6C%65%5F%66%75%6E%63%74%69%6F%6E%73%3D%22%22+%2D%64+%6F%70%65%6E%5F%62%61%73%65%64%69%72%3D%6E%6F%6E%65+%2D%64+%61%75%74%6F%5F%70%72%65%70%65%6E%64%5F%66%69%6C%65%3D%70%68%70%3A%2F%2F%69%6E%70%75%74+%2D%64+%63%67%69%2E%66%6F%72%63%65%5F%72%65%64%69%72%65%63%74%3D%30+%2D%64+%63%67%69%2E%72%65%64%69%72%65%63%74%5F%73%74%61%74%75%73%5F%65%6E%76%3D%30+%2D%64+%61%75%74%6F%5F%70%72%65%70%65%6E%64%5F%66%69%6C%65%3D%70%68%70%3A%2F%2F%69%6E%70%75%74+%2D%6E HTTP/1.1
47,1,404,0,HEAD http://180.179.213.41:80/pma2018/ HTTP/1.1
99,1,200,0,GET /barc/vizi/core/css/fonts/roboto/v18/2tsd397wLxj96qwHyNIkxPesZW2xOQ-xsNqO47m55DA.woff2 HTTP/1.1
35,1,200,0,GET /barc/tv/css/bHome.css HTTP/1.1
33,1,404,0,GET /admin/PMA/index.php HTTP/1.1
42,1,200,0,GET /barc/tv.old/chart/chart_a.js HTTP/1.1
34,1,404,0,GET /phpmyadmin/index.php HTTP/1.1
29,1,404,0,GET /cgi-bin/php-cgi HTTP/1.1
18,1,404,0,GET /vizi HTTP/1.1
42,1,404,0,GET /PHPMYADMIN/scripts/setup.php HTTP/1.1
99,1,200,0,GET /barc/vizi/core/css/fonts/roboto/v18/mnpfi9pxYH-Go5UiibESIltXRa8TVwTICgirnJhmVJw.woff2 HTTP/1.1
37,1,200,0,GET /barc/tv/images/area.png HTTP/1.1
28,1,404,0,GET /PMA2/index.php HTTP/1.1
25,1,404,0,GET /.ssh/id_rsa HTTP/1.1
29,1,404,0,GET /admin/setup.php HTTP/1.1
189,1,400,0,\x16\x03\x01\x01\x22\x01\x00\x01\x1E\x03\x03\xFC\xFDb\xFEt\xA5\x8C\x90\x90\x0B\xB4\xC2\x98\x06>\xEA'\x93\x22g\xC5\x92\xF2\xB5P/3\x0F\xF5\x98\x5CW\x00\x00\x88\xC00\xC0,\xC0(\xC0$\xC0\x14\xC0
50,1,404,0,HEAD http://180.179.213.41:80/phpmyAdmin/ HTTP/1.1
26,1,404,0,GET /cgi-bin/php4 HTTP/1.1
40,1,200,0,GET /barc/tv.20180213/js/app.js HTTP/1.1
50,1,404,0,GET /phpmyadmin/scripts/db_setup.init.php HTTP/1.1
289,1,400,0,\x16\x03\x01\x00\xF5\x01\x00\x00\xF1\x03\x03\xB2\xB8,\xD8\x08\xE7\xB5\x5C\x19\xCA\xD9\x9D\xA2\xDA\xE8\x17;\xFB\x88*\x9F\x83\xAE-\x94\x0C\x8A\xB6+\x1B\xFD)\x00\x00n\xC00\xC0,\xC02\xC0.\xC0/\xC0+\xC01\xC0-\x00\xA5\x00\xA3\x00\xA1\x00\x9F\x00\xA4\x00\xA2\x00\xA0\x00\x9E\xC0(\xC0$\xC0\x14\xC0
53,1,404,0,HEAD /resources/memberCss/img/body/ocean.jpg HTTP/1.1
48,1,404,0,GET /forum/phpmyadmin/scripts/setup.php HTTP/1.1
40,1,404,0,GET /database/scripts/setup.php HTTP/1.1
43,1,404,1,GET /admin/mysql/scripts/setup.php HTTP/1.1
50,1,404,0,HEAD http://180.179.213.41:80/phpmyadmin/ HTTP/1.1
60,1,404,0,HEAD /PluginView/zx425/FrontContent/images/logo.png HTTP/1.1
47,1,404,0,HEAD http://180.179.213.41:80/program/ HTTP/1.1
99,1,200,0,GET /barc/vizi/core/css/fonts/roboto/v18/ZLqKeelYbATG60EpZBSDyxJtnKITppOI_IvcXXDNrsc.woff2 HTTP/1.1
15,1,200,0,HEAD / HTTP/1.0
15,1,200,0,HEAD / HTTP/1.1
48,1,404,0,GET /admin/phpmyadmin/scripts/setup.php HTTP/1.1
52,1,404,1,HEAD http://180.179.213.41:80/sql/sqladmin/ HTTP/1.1
43,1,404,0,GET /phpmyadmin/_scripts/setup.php HTTP/1.1
34,1,404,0,GET /.idea/WebServers.xml HTTP/1.1
44,1,404,1,GET /mysqlmanager/scripts/setup.php HTTP/1.1
43,1,404,0,GET /phpMyAdmin/scripts/setup0.php HTTP/1.1
22,1,404,0,GET /.hg/hgrc HTTP/1.1
57,1,404,0,HEAD http://180.179.213.41:80/administrator/pma/ HTTP/1.1
26,1,404,0,GET /manager/html HTTP/1.1
49,1,404,0,HEAD http://180.179.213.41:80/admin/pMA/ HTTP/1.1
29,1,404,0,GET /wp/wp-login.php HTTP/1.1
42,1,404,0,HEAD /template/img/login-logo.png HTTP/1.1
27,1,404,0,GET /.ssh/id_ecdsa HTTP/1.1
99,1,200,0,GET /barc/vizi/core/css/fonts/roboto/v18/gwVJDERN2Amz39wrSoZ7FxTbgVql8nDJpwnrE27mub0.woff2 HTTP/1.1
39,1,404,0,GET /cpadmin/scripts/setup.php HTTP/1.1
47,1,404,0,HEAD http://180.179.213.41:80/PMA2016/ HTTP/1.1
43,1,404,0,GET /phpmyadmin/scripts/_setup.php HTTP/1.1
99,1,200,0,GET /barc/vizi/core/css/fonts/roboto/v18/jyIYROCkJM3gZ4KV00YXOBJtnKITppOI_IvcXXDNrsc.woff2 HTTP/1.1
34,1,200,0,GET /barc/tv/js/common.js HTTP/1.1
64,1,404,0,HEAD http://180.179.213.41:80/administrator/phpMyAdmin/ HTTP/1.1
35,1,404,0,GET /wp/.wp-config.php.swp HTTP/1.1
48,1,404,0,GET /cpanelphpmyadmin/scripts/setup.php HTTP/1.1
99,1,200,0,GET /barc/vizi/core/css/fonts/roboto/v18/WeQRRE07FDkIrr29oHQgHBJtnKITppOI_IvcXXDNrsc.woff2 HTTP/1.1
41,1,200,0,GET /barc/tv.20180213/js/home.js HTTP/1.1
35,1,404,0,GET /php/scripts/setup.php HTTP/1.1
35,1,404,0,GET /phpmyadmin2/index.php HTTP/1.1
32,1,404,0,GET /wp/#wp-config.php# HTTP/1.1
49,1,200,0,GET /barc/tv.20180213/css/dendo_home.css HTTP/1.1
17,1,404,0,GET /moo HTTP/1.1
50,1,404,1,HEAD http://180.179.213.41:80/sql/sqlweb/ HTTP/1.1
18,1,404,0,GET /cfg/ HTTP/1.1
58,1,404,1,HEAD http://180.179.213.41:80/mysql/mysqlmanager/ HTTP/1.1
44,1,404,0,GET //phpMyAdmin2/scripts/setup.php HTTP/1.1
43,1,200,0,GET /barc/tv.20180213/js/mecbot.js HTTP/1.1
40,1,404,0,GET /xampp/phpmyadmin/index.php HTTP/1.1
30,1,404,0,GET /pmamy2/index.php HTTP/1.1
43,1,404,0,HEAD http://180.179.213.41:80/pma/ HTTP/1.1
99,1,200,0,GET /barc/vizi/core/css/fonts/roboto/v18/jSN2CGVDbcVyCnfJfjSdfBJtnKITppOI_IvcXXDNrsc.woff2 HTTP/1.1
41,1,200,0,GET /barc/tv/css/dendo_input.css HTTP/1.1
44,1,200,0,GET /barc/tv.old/css/dendo_home.css HTTP/1.1
51,1,404,0,HEAD http://180.179.213.41:80/phpmyadmin3/ HTTP/1.1
36,1,200,0,GET /barc/tv.old/dendo.html HTTP/1.1
43,1,404,1,GET //mysqladmin/scripts/setup.php HTTP/1.1
29,1,404,0,GET /phpma/index.php HTTP/1.1
35,1,404,0,GET //db/scripts/setup.php HTTP/1.1
25,1,404,0,OPTIONS /cluster HTTP/1.1
41,1,404,0,GET //phpMyAdmin-2.5.5/index.php HTTP/1.1
43,1,404,0,GET /_phpMyAdmin/scripts/setup.php HTTP/1.1
36,1,200,0,GET /barc/tv/css/b_home.css HTTP/1.1
44,1,404,1,GET //mysql-admin/scripts/setup.php HTTP/1.1
87,1,400,0,t\xAC\xFD;\x8BS\x02\xC4X\xFBw\xE8PI'l+\xC3\xBD\x8A\xF0\xA4\x97\xB0,\x02\x04\x85\x91\x8E
40,1,404,1,GET /sqladmin/scripts/setup.php HTTP/1.1
52,1,404,0,HEAD http://180.179.213.41:80/phpMyAdmin-3/ HTTP/1.1
56,1,404,0,HEAD http://180.179.213.41:80/administrator/db/ HTTP/1.1
40,1,404,0,GET /typo3/phpmyadmin/index.php HTTP/1.1
45,1,404,0,HEAD http://180.179.213.41:80/admin/ HTTP/1.1
25,1,404,0,GET /.ssh/id_dsa HTTP/1.1
56,1,404,0,HEAD http://180.179.213.41:80/admin/phpmyadmin/ HTTP/1.1
48,1,200,0,GET /barc/tv.20180213/chart/chart_a.css HTTP/1.1
24,1,200,0,GET /barc/vizi/ HTTP/1.1
47,1,404,0,HEAD http://180.179.213.41:80/PMA2017/ HTTP/1.1
50,1,404,1,HEAD http://180.179.213.41:80/mysqladmin/ HTTP/1.1
48,1,404,0,GET /xampp/phpmyadmin/scripts/setup.php HTTP/1.1
22,1,404,0,GET /pma2011/ HTTP/1.1
211,1,400,0,\x16\x03\x01\x00\x8F\x01\x00\x00\x8B\x03\x03\xA1y\x5C\xE1\xED\xDF\xDA\x10C{\xED\xC7\x8B\xF4\x9F\xA6\x04,w\xA4\x04x\x88\x8D\x86\x86W\xF0\xB0\xB4#[\x00\x00\x1A\xC0/\xC0+\xC0\x11\xC0\x07\xC0\x13\xC0\x09\xC0\x14\xC0
27,1,404,0,GET /tmUnblock.cgi HTTP/1.1
31,1,404,0,GET /dbadmin/index.php HTTP/1.1
54,1,404,0,HEAD http://180.179.213.41:80/phpmyadmin2018/ HTTP/1.1
48,1,404,1,HEAD http://180.179.213.41:80/mysql/db/ HTTP/1.1
37,1,404,0,GET /admin/scripts/setup.php HTTP/1.1
23,1,404,0,GET /index.php HTTP/1.1
113,2,400,0,\x16\x03\x01\x00H\x01\x00\x00D\x03\x01Z\x94\x9D\x9B\xF7e&\xB1\x05\x85\x81$[o\xB1\xC4\x87kx\xAB7\xFF\xA9E5\xEB\xDE
36,1,404,0,GET //PMA/scripts/setup.php HTTP/1.1
50,1,404,0,GET /farm/libs/modules/tween/tween.min.js HTTP/1.1
35,1,404,0,GET /web/scripts/setup.php HTTP/1.1
44,1,404,0,GET /wordpress/wp-admin/install.php HTTP/1.1
41,1,404,0,GET //database/scripts/setup.php HTTP/1.1
42,1,404,0,GET /wordpress/.wp-config.php.swp HTTP/1.1
43,1,404,0,HEAD /phpMyAdmin/scripts/setup.php HTTP/1.0
30,1,301,0,GET /barc/tv.20180213 HTTP/1.1
31,1,404,0,GET /wp/wp-config.php~ HTTP/1.1
32,1,200,0,GET /barc/tv/js/home.js HTTP/1.1
51,1,404,0,HEAD http://180.179.213.41:80/phpMyAdmin4/ HTTP/1.1
31,1,404,0,GET /wp-config.php.bak HTTP/1.1
35,1,404,0,GET /phpmyadmin1/index.php HTTP/1.1
22,1,404,0,GET /configs/ HTTP/1.1
26,1,404,0,GET /muieblackcat HTTP/1.1
50,1,200,0,GET /barc/tv.20180213/css/dendo_input.css HTTP/1.1
43,1,404,0,GET //phpmyadmin/scripts/setup.php HTTP/1.1
36,1,200,0,GET /barc/tv.old/js/home.js HTTP/1.1
53,1,404,0,GET //phpMyAdmin-2.11.11.3/scripts/setup.php HTTP/1.1
46,1,404,0,GET /php/phpmyadmin/scripts/setup.php HTTP/1.1
78,1,200,0,GET /barc/vizi/core/css/fonts/roboto/v18/CWB0XYA8bzo0kSThX0UTuA.woff2 HTTP/1.1
28,1,404,0,GET /hndUnblock.cgi HTTP/1.1
25,1,404,0,POST /getcfg.php HTTP/1.1
42,1,404,0,GET /phpMyAdmin/scripts/Setup.php HTTP/1.1
19,1,404,0,GET /query HTTP/1.1
30,1,404,0,GET /sftp_config.json HTTP/1.1
34,1,404,0,GET /my/scripts/setup.php HTTP/1.1
54,1,200,0,GET /barc/vizi/core/css/fonts/vizi.svg?cd28wr HTTP/1.1
99,1,200,0,GET /barc/vizi/core/css/fonts/roboto/v18/9_7S_tWeGDh5Pq3u05RVkhJtnKITppOI_IvcXXDNrsc.woff2 HTTP/1.1
26,1,404,0,GET /html/barc/tv HTTP/1.1
21,1,301,0,GET /barc/tv HTTP/1.1
54,1,404,0,HEAD http://180.179.213.41:80/db/phpmyadmin3/ HTTP/1.1
49,1,404,1,HEAD http://180.179.213.41:80/mysql/pma/ HTTP/1.1
51,1,404,0,GET //phpMyAdmin-2.11.11/scripts/setup.php HTTP/1.1
48,1,404,0,HEAD http://180.179.213.41:80/db/webdb/ HTTP/1.1
50,1,404,0,HEAD http://180.179.213.41:80/db/dbadmin/ HTTP/1.1
34,1,404,1,GET /mysqladmin/index.php HTTP/1.1
35,1,404,1,GET /mysql-admin/index.php HTTP/1.1
21,1,502,0,GET /cluster HTTP/1.1
16,1,400,0,\x05\x02\x00\x02
52,1,404,1,HEAD http://180.179.213.41:80/mysqlmanager/ HTTP/1.1
41,1,404,0,GET /admin/pma/scripts/setup.php HTTP/1.1
50,1,404,0,HEAD http://180.179.213.41:80/phpMyadmin/ HTTP/1.1
99,1,200,0,GET /barc/vizi/core/css/fonts/roboto/v18/77FXFjRbGzN4aCrSFhlh3hJtnKITppOI_IvcXXDNrsc.woff2 HTTP/1.1
47,1,404,0,HEAD http://180.179.213.41:80/pma2016/ HTTP/1.1
50,1,404,0,GET //phpMyAdmin-2.10.0/scripts/setup.php HTTP/1.1
99,1,200,0,GET /barc/vizi/core/css/fonts/roboto/v18/d-6IYplOFocCacKzxwXSOFtXRa8TVwTICgirnJhmVJw.woff2 HTTP/1.1
40,1,404,0,GET /phpMyAdmin-2.5.5/index.php HTTP/1.1
52,1,404,0,GET /phpMyAdmin-2.11.11.3/scripts/setup.php HTTP/1.1
35,1,404,0,GET /pma/scripts/setup.php HTTP/1.1
53,1,404,1,HEAD http://180.179.213.41:80/mysql/dbadmin/ HTTP/1.1
31,1,404,0,POST /zabbix/jsrpc.php HTTP/1.1
47,1,404,0,HEAD http://180.179.213.41:80/myadmin/ HTTP/1.1
29,1,404,1,GET /mysql/index.php HTTP/1.1
50,1,404,0,HEAD http://180.179.213.41:80/phpMyAdmin/ HTTP/1.1
45,1,404,0,GET /phpmyadmin/phpmyadmin/index.php HTTP/1.1
36,1,404,0,GET /wordpress/wp-login.php HTTP/1.1
38,1,404,1,GET /sqladm/scripts/setup.php HTTP/1.1
35,1,200,0,HEAD http://wap.ip138.com/ HTTP/1.1
20,1,404,0,GET /webdav HTTP/1.0
20,1,404,0,GET /webdav HTTP/1.1
27,1,404,0,POST /index.action HTTP/1.1
47,1,404,0,HEAD http://180.179.213.41:80/dbadmin/ HTTP/1.1
23,1,404,0,OPTIONS /query HTTP/1.1
37,1,404,1,GET /mysql/scripts/setup.php HTTP/1.1
39,1,404,0,GET /blog/wp-admin/install.php HTTP/1.1
36,1,404,1,GET /admin/mysql2/index.php HTTP/1.1
45,1,404,0,HEAD http://180.179.213.41:80/phpmy/ HTTP/1.1
50,1,404,1,HEAD http://180.179.213.41:80/sql/websql/ HTTP/1.1
99,1,200,0,GET /barc/vizi/core/css/fonts/roboto/v18/isZ-wbCXNKAbnjo6_TwHThJtnKITppOI_IvcXXDNrsc.woff2 HTTP/1.1
54,1,404,0,HEAD http://180.179.213.41:80/phpmyadmin2013/ HTTP/1.1
53,1,404,0,HEAD http://180.179.213.41:80/db/phpMyAdmin/ HTTP/1.1
43,1,404,0,GET /phpMyAdmin/scripts/_setup.php HTTP/1.1
31,1,200,0,GET /barc/tv/js/app.js HTTP/1.1
37,1,404,0,GET /blog/.wp-config.php.swp HTTP/1.1
19,1,404,0,GET /prov/ HTTP/1.1
35,1,404,0,GET /phpmyadmin0/index.php HTTP/1.1
27,1,404,0,GET /PMA/index.php HTTP/1.1
32,1,404,0,GET /myadmin2/index.php HTTP/1.1
34,1,200,0,GET /barc/tv/js/b_home.js HTTP/1.1
32,1,404,0,GET /barc/tv/index.html HTTP/1.1
101,4,404,0,GET /index.php?option=com_joomanager&controller=details&task=download&path=configuration.php HTTP/1.1
43,1,404,0,GET /phpmy-admin/scripts/setup.php HTTP/1.1
19,1,404,0,GET /snom/ HTTP/1.1
24,1,404,0,GET /.svn/wc.db HTTP/1.1
41,1,200,0,GET /barc/tv.20180213/dendo.html HTTP/1.1
29,1,404,0,GET /barc/tv.2018212 HTTP/1.1
18,1,404,0,GET /spa/ HTTP/1.1
26,1,404,0,GET /wp-login.php HTTP/1.1
41,1,404,1,GET /admin/sql/scripts/setup.php HTTP/1.1
43,1,404,0,HEAD http://180.179.213.41:80/PMA/ HTTP/1.1
32,1,200,0,GET /barc/tv/dendo.html HTTP/1.1
54,1,404,0,HEAD http://180.179.213.41:80/phpmyadmin2012/ HTTP/1.1
55,1,200,0,GET /barc/vizi/core/css/fonts/vizi.woff?cd28wr HTTP/1.1
38,1,200,0,GET /barc/tv/chart/chart_a.js HTTP/1.1
14,1,200,0,GET / HTTP/1.1
14,1,200,0,GET / HTTP/1.0
44,1,404,0,GET /php-my-admin/scripts/setup.php HTTP/1.1
51,1,404,0,HEAD http://180.179.213.41:80/php-myadmin/ HTTP/1.1
43,1,404,0,GET /php-myadmin/scripts/setup.php HTTP/1.1
45,1,200,0,GET /barc/tv.20180213/css/mecbot.css HTTP/1.1
45,1,200,0,GET /barc/tv.old/css/dendo_input.css HTTP/1.1
40,1,404,0,GET /admin/phpmyadmin/index.php HTTP/1.1
22,1,404,0,GET /index.do HTTP/1.1
47,1,200,0,GET /barc/tv.20180213/chart/chart_a.js HTTP/1.1
48,1,404,0,HEAD http://180.179.213.41:80/database/ HTTP/1.1
18,1,404,0,GET /ccvv HTTP/1.1
34,1,404,0,GET /db/scripts/setup.php HTTP/1.1
56,1,404,0,HEAD http://180.179.213.41:80/admin/phpMyAdmin/ HTTP/1.1
55,1,404,1,HEAD http://180.179.213.41:80/sql/phpmyadmin2/ HTTP/1.1
31,1,404,0,GET /blog/wp-login.php HTTP/1.1
43,1,404,1,GET /cpanelmysql/scripts/setup.php HTTP/1.1
99,1,200,0,GET /barc/vizi/core/css/fonts/roboto/v18/Hgo13k-tfSpn0qi1SFdUfVtXRa8TVwTICgirnJhmVJw.woff2 HTTP/1.1
43,1,404,0,GET /_phpmyadmin/scripts/setup.php HTTP/1.1
51,1,404,0,HEAD http://180.179.213.41:80/db/db-admin/ HTTP/1.1
40,1,200,0,GET /barc/tv/css/dendo_home.css HTTP/1.1
54,1,404,1,HEAD http://180.179.213.41:80/sql/phpmanager/ HTTP/1.1
39,1,200,0,GET /barc/vizi/core/js/vizi.js HTTP/1.1
99,1,200,0,GET /barc/vizi/core/css/fonts/roboto/v18/-L14Jk06m6pUHB-5mXQQnRJtnKITppOI_IvcXXDNrsc.woff2 HTTP/1.1
38,1,404,0,GET //p/m/a/scripts/setup.php HTTP/1.1
29,1,404,0,GET /cgi-bin/php.cgi HTTP/1.1
99,1,200,0,GET /barc/vizi/core/css/fonts/roboto/v18/phsu-QZXz1JBv0PbFoPmEBJtnKITppOI_IvcXXDNrsc.woff2 HTTP/1.1
34,1,200,0,GET /barc/tv/js/mecbot.js HTTP/1.1
33,1,404,0,GET /zabbix//proxies.php HTTP/1.1
24,1,404,0,GET /robots.txt HTTP/1.1
38,1,200,0,GET /barc/tv.old/js/mecbot.js HTTP/1.1
54,1,200,0,GET /barc/vizi/core/css/fonts/vizi.eot?cd28wr HTTP/1.1
50,1,200,0,GET /barc/tv/images/mecbot_logo_small.png HTTP/1.1
99,1,200,0,GET /barc/vizi/core/css/fonts/roboto/v18/UX6i4JxQDm3fVTc1CPuwqhJtnKITppOI_IvcXXDNrsc.woff2 HTTP/1.1
46,1,404,0,GET /web/phpMyAdmin/scripts/setup.php HTTP/1.1
31,1,200,0,GET /barc/tv.20180213/ HTTP/1.1
47,1,404,0,HEAD http://180.179.213.41:80/pma2011/ HTTP/1.1
40,1,404,0,GET /phpadmin/scripts/setup.php HTTP/1.1
47,1,404,0,HEAD http://180.179.213.41:80/pma2015/ HTTP/1.1
27,1,404,0,GET /pmd/index.php HTTP/1.1
64,1,400,0,\x03\x00\x00/*\xE0\x00\x00\x00\x00\x00Cookie: mstshash=Administr
55,1,404,1,HEAD http://180.179.213.41:80/sql/php-myadmin/ HTTP/1.1
53,1,404,0,HEAD http://180.179.213.41:80/db/phpmyadmin/ HTTP/1.1
39,1,404,0,GET /MyAdmin/scripts/setup.php HTTP/1.1
40,1,200,0,HEAD http://112.124.42.80:3434/ HTTP/1.1
41,1,404,1,GET //sqladmin/scripts/setup.php HTTP/1.1
24,1,404,0,GET /provision/ HTTP/1.1
51,1,404,0,HEAD http://180.179.213.41:80/phpmyadmin4/ HTTP/1.1
50,1,404,0,HEAD http://180.179.213.41:80/db/myadmin/ HTTP/1.1
23,1,400,0,GET /server.js HTTP/1.1
42,1,404,0,HEAD http://180.179.213.41:80/db/ HTTP/1.1
99,1,200,0,GET /barc/vizi/core/css/fonts/roboto/v18/NdF9MtnOpLzo-noMoG0miPesZW2xOQ-xsNqO47m55DA.woff2 HTTP/1.1
42,1,404,0,GET /phpmanager/scripts/setup.php HTTP/1.1
39,1,404,0,GET /admindb/scripts/setup.php HTTP/1.1
23,1,404,0,GET /setup.php HTTP/1.1
190,1,400,0,\xFA$\x16\xA1\x05\xDB\xE9^I,B\xF5\xAF\xE1\xCF\xD5\xCA\xDC'\xDEW8s\x1FR\xEAJ\xD2\xF75\x10\x096\xEDNS\x91\x05\xE4\xCE\xD6\xA6\xE0\xDC\xB8Xf\x05V\xF9N\xF0\xD7\x1F\xC9\xF0\x8C(\x8F\xD6\xB7\x903>
27,1,404,0,HEAD /redirect.php HTTP/1.0
39,1,404,0,GET /scripts/scripts/setup.php HTTP/1.1
43,1,404,0,HEAD /phpmyadmin/scripts/setup.php HTTP/1.0
43,1,404,0,HEAD /phpmyadmin/scripts/setup.php HTTP/1.1
133,1,400,0,\x16\x03\x01\x00\x8F\x01\x00\x00\x8B\x03\x03\xC8\x0F\xCF:\xDA\xF0\x8E\xC6\xC6|\xE9k\x9Ej\xCB\xAC\xEB\xACo\xBD\x8D\x81\xD3 f\xFE\xAA'E
47,1,404,1,HEAD http://180.179.213.41:80/sql/sql/ HTTP/1.1
32,1,404,0,GET //scripts/setup.php HTTP/1.1
110,1,400,0,\x16\x03\x01\x01\x22\x01\x00\x01\x1E\x03\x03\xAA\xC8\xEB\xAB!AY\x8E\xA9U?\xF2s>\xF3\xD8F\xD6\x00\x8A~\xA7(\xBA
99,1,200,0,GET /barc/vizi/core/css/fonts/roboto/v18/s7gftie1JANC-QmDJvMWZhJtnKITppOI_IvcXXDNrsc.woff2 HTTP/1.1
38,1,404,0,GET /.well-known/security.txt HTTP/1.1
99,1,200,0,GET /barc/vizi/core/css/fonts/roboto/v18/oOeFwZNlrTefzLYmlVV1UBJtnKITppOI_IvcXXDNrsc.woff2 HTTP/1.1
45,1,404,0,GET /phpMyAdmin/phpMyAdmin/index.php HTTP/1.1
47,1,404,0,HEAD http://180.179.213.41:80/PMA2018/ HTTP/1.1
26,1,200,0,GET /barc/tv.old/ HTTP/1.1
35,1,404,1,GET /sql/scripts/setup.php HTTP/1.1
54,1,404,0,HEAD http://180.179.213.41:80/phpmyadmin2016/ HTTP/1.1
40,1,404,0,GET //myAdmin/scripts/setup.php HTTP/1.1
180,1,400,0,\x16\x03\x01\x01\x22\x01\x00\x01\x1E\x03\x03\xD4\x1D\xBA>\xDA\xBF\x81\xBB;\xB9\x85\xD88Xt<\x01jm\x10Vn\x01\xA7\xC3\xCD\x98\x7F\xEA\x13Mm\x00\x00\x88\xC00\xC0,\xC0(\xC0$\xC0\x14\xC0
20,1,200,0,POST /query HTTP/1.1
56,1,404,0,GET /vendor/phpunit/phpunit/src/Util/Filter.php HTTP/1.1
59,1,200,0,GET /barc/tv.20180213/images/mecbot_logo_small.png HTTP/1.1
99,1,200,0,GET /barc/vizi/core/css/fonts/roboto/v18/Fl4y0QdOxyyTHEGMXX8kcRJtnKITppOI_IvcXXDNrsc.woff2 HTTP/1.1
99,1,200,0,GET /barc/vizi/core/css/fonts/roboto/v18/ek4gzZ-GeXAPcSbHtCeQI_esZW2xOQ-xsNqO47m55DA.woff2 HTTP/1.1
43,1,200,0,GET /barc/tv.old/css/dashboard.css HTTP/1.1
22,1,404,0,GET /polycom/ HTTP/1.1
22,1,200,0,POST /cluster HTTP/1.1
33,1,404,0,GET /zabbix//httpmon.php HTTP/1.1
46,1,404,0,HEAD http://180.179.213.41:80/phppma/ HTTP/1.1
18,1,405,0,OPTIONS / HTTP/1.1
28,1,404,0,GET /wp-config.php~ HTTP/1.1
34,1,404,0,GET /blog/#wp-config.php# HTTP/1.1
37,1,200,0,GET /barc/tv/images/line.png HTTP/1.1
39,1,200,0,GET /barc/tv/css/dashboard.css HTTP/1.1
177,1,400,0,\x16\x03\x01\x01\x22\x01\x00\x01\x1E\x03\x03tK\xB7`\x8A\xC6\x03\xBCq\xB0\xD6\xDA\xD2fY\x15\xE4\x1Av\xEA\xC4}Q.`\x01\x06\x15\xB312\x83\x00\x00\x88\xC00\xC0,\xC0(\xC0$\xC0\x14\xC0
35,1,404,0,GET /PMA/scripts/setup.php HTTP/1.1
52,1,404,0,HEAD http://180.179.213.41:80/php-my-admin/ HTTP/1.1
131,1,400,0,\x16\x03\x01\x01\x22\x01\x00\x01\x1E\x03\x03\xB2\x94\xEE\xACe\x1E\x8A\x7F#\x5C\xF2\x87\x22\xCC\x1E\xFE\x95\x16r\xEE\x1D\xE7QPy\xB9X
59,1,404,0,HEAD http://180.179.213.41:80/administrator/admin/ HTTP/1.1
33,1,404,0,GET /blog/wp-config.php~ HTTP/1.1
26,1,404,0,GET /cgi-sys/php5 HTTP/1.1
22,1,404,0,GET /linksys/ HTTP/1.1
70,1,400,0,\x16\x03\x01\x00\x8F\x01\x00\x00\x8B\x03\x03\x11M\xD5\x14\x85\xE0l\x1B
39,1,404,0,GET /myadmin/scripts/setup.php HTTP/1.1
202,1,400,0,\x16\x03\x01\x00\x8F\x01\x00\x00\x8B\x03\x03_A\x9EN\xF5\xA5\xB5\x5C\x8CT\xA03 7x\xD4\xAB\xC1A\xFD\x07\xBF\xA9\x95/\xDFZp\x12\x81\xCC\xD6\x00\x00\x1A\xC0/\xC0+\xC0\x11\xC0\x07\xC0\x13\xC0\x09\xC0\x14\xC0
99,1,200,0,GET /barc/vizi/core/css/fonts/roboto/v18/3Y_xCyt7TNunMGg0Et2pnhJtnKITppOI_IvcXXDNrsc.woff2 HTTP/1.1
51,1,404,1,HEAD http://180.179.213.41:80/mysql/admin/ HTTP/1.1
32,1,404,0,GET /phpadmin/index.php HTTP/1.1
30,1,404,0,GET /barc/tv.20180214 HTTP/1.1
34,1,200,0,GET /barc/tv/css/home.css HTTP/1.1
99,1,200,0,GET /barc/vizi/core/css/fonts/roboto/v18/u0TOpm082MNkS5K0Q4rhqvesZW2xOQ-xsNqO47m55DA.woff2 HTTP/1.1
81,2,404,0,GET /cgi/online.asp?hostname=[WIN-X6HF63]&httptype=[1][not%20httptunnel] HTTP/1.1
43,1,404,0,GET //phpMyAdmin/scripts/setup.php HTTP/1.1
42,1,200,0,GET /barc/tv.old/js/dendo_home.js HTTP/1.1
57,1,404,0,HEAD http://180.179.213.41:80/administrator/web/ HTTP/1.1
38,1,404,1,GET /websql/scripts/setup.php HTTP/1.1
47,1,200,0,GET /barc/tv.20180213/js/dendo_home.js HTTP/1.1
51,1,404,0,HEAD http://180.179.213.41:80/phpMyAdmin3/ HTTP/1.1
37,1,404,0,GET /wp/wp-admin/install.php HTTP/1.1
18,1,404,0,GET /ata/ HTTP/1.1
30,1,404,0,GET /cgi-bin/php5-cli HTTP/1.1
51,1,404,0,HEAD http://180.179.213.41:80/phpMyAdmin2/ HTTP/1.1
41,1,404,0,GET /admin/phpmyadmin2/index.php HTTP/1.1
55,1,404,1,HEAD http://180.179.213.41:80/sql/phpmy-admin/ HTTP/1.1
39,1,200,0,GET /barc/tv/chart/chart